{
    "mean_reward": -0.020933348685503006,
    "reward_sharpe": -2.198452994924791,
    "max_drawdown": 0.12280186669582727,
    "avg_leverage": 5.306423428705744,
    "avg_sharpe": 1.757159316900635,
    "avg_sortino": 0.40823745316265964,
    "avg_calmar": 0.0026246585876741097,
    "objective_value": 0.2874266896323683,
    "trades_executed": 289
}