{
    "mean_reward": -0.01987866684794426,
    "reward_sharpe": -2.5593858209594136,
    "max_drawdown": 0.07868640669073235,
    "avg_leverage": 5.209524869446973,
    "avg_sharpe": 8.55833215673128,
    "avg_sortino": 2.518856191575241,
    "avg_calmar": 0.02437576713907052,
    "objective_value": 1.2178545636265032,
    "trades_executed": 298
}